idCustomer,FirstName,LastName,Gender,Age,Email,City
1,Kerrill,Everill,Male,37,geverill0@msu.edu,Brussels
2,Godart,Bruin,Female,64,jbruin1@blogtalkradio.com,Ioannina
3,Joanie,Lyle,Female,50,clyle2@wsj.com,Barcelona
4,Eb,Povey,Female,28,lpovey3@alexa.com,Basel
5,Elset,Brood,Female,44,mbrood4@miitbeian.gov.cn,Birmingham
6,Kenna,Vass,Male,29,mvass5@apache.org,Ansbach
7,Der,Caunter,Female,54,scaunter6@reverbnation.com,Dublin
8,Estrella,Pelzer,Female,65,gpelzer7@ucla.edu,Guimaraes
9,Mirna,Lenney,Female,59,alenney8@auda.org.au,Cork
10,Joy,Tellenbrok,Male,51,ltellenbrok9@friendfeed.com,Chisinau
11,Valery,Chrispin,Male,70,fchrispina@posterous.com,Vilnius
12,Georgie,Philcox,Female,58,aphilcoxb@columbia.edu,Bremen
13,Petra,Perkis,Female,64,cperkisc@usgs.gov,Rome
14,Mack,McGruar,Male,40,dmcgruard@chron.com,Minsk
15,Staford,Di Biagi,Female,48,mdibiagie@amazon.de,Tallinn
16,Casey,Phinnis,Female,38,bphinnisf@cisco.com,Gala?i
17,Ellwood,Spiteri,Female,65,fspiterig@vistaprint.com,Dusseldorf
18,Ruthanne,Flinn,Male,29,cflinnh@so-net.ne.jp,Zaragoza
19,Sibel,Workman,Male,61,lworkmani@aboutads.info,Ljubljana
20,Mariquilla,Dignum,Female,48,jdignumj@imgur.com,Bourges
21,Vida,Bulch,Male,33,wbulchk@dropbox.com,Charleroi
22,Hobie,Goody,Male,52,tgoodyl@typepad.com,Geneva
23,Cammy,Mullenger,Male,36,mmullengerm@posterous.com,Split
24,Althea,O'Cahsedy,Male,69,nocahsedyn@sphinn.com,Cambridge
25,Kurtis,Pruvost,Female,66,mpruvosto@vistaprint.com,Strasbourg
26,Blakelee,Gozney,Male,37,sgozneyp@icio.us,Edinburgh
27,Coleman,Rothwell,Male,48,srothwellq@opera.com,Plovdiv
28,Britte,Hise,Male,46,ahiser@flickr.com,Heidelberg
29,Malynda,Vanyatin,Male,37,rvanyatins@exblog.jp,Amiens
30,Ruggiero,Veeler,Male,44,kveelert@mac.com,Hannover
31,Nevin,Muffen,Female,62,kmuffenu@ucla.edu,Kefalonia
32,Callie,Broadley,Male,32,mbroadleyv@amazon.com,Milan
33,Cory,Thurston,Female,64,sthurstonw@over-blog.com,Charleroi
34,Perceval,Handley,Male,56,fhandleyx@sun.com,Algeciras
35,Fanya,Coverdale,Male,36,bcoverdaley@bloglines.com,Limerick
36,Ryan,Kaaskooper,Male,45,nkaaskooperz@engadget.com,Vilnius
37,Allen,Middlewick,Female,48,cmiddlewick10@nba.com,Czestochowa
38,Willis,Bugden,Female,68,lbugden11@alexa.com,Hague
39,Gibbie,Guidetti,Male,70,lguidetti12@vimeo.com,Bastia
40,Pembroke,Bartzen,Male,55,dbartzen13@wiley.com,Trondheim
41,Zaria,Doret,Female,46,adoret14@over-blog.com,Krakow
42,Michelina,Demare,Female,53,cdemare15@epa.gov,Seville
43,Lissa,Metzke,Female,35,dmetzke16@imageshack.us,Hildesheim
44,Burt,Locket,Male,63,clocket17@google.pl,Warsaw
45,Rosanna,Danielczyk,Male,69,tdanielczyk18@1688.com,Constanta
46,Coreen,Dufaur,Female,39,kdufaur19@weebly.com,Halle
47,Dana,D'Alwis,Female,51,sdalwis1a@nydailynews.com,Reykjavik
48,Dorene,Greatbanks,Male,28,agreatbanks1b@businesswire.com,Cardiff
49,Annmarie,Gindghill,Female,52,tgindghill1c@disqus.com,Thessaloniki
50,Wandie,Salzburg,Female,60,dsalzburg1d@cornell.edu,Cascais
51,Fancie,Hamley,Male,56,ahamley1e@oakley.com,Gyor
52,Irena,Rolfs,Male,64,arolfs1f@newyorker.com,Albufeira
53,Cornall,Everingham,Male,50,reveringham1g@weibo.com,Aarhus
54,Carly,Bloodworthe,Female,68,lbloodworthe1h@xing.com,Duisburg
55,Thaddeus,Kiwitz,Male,54,pkiwitz1i@domainmarket.com,Bucharest
56,Bing,Schlag,Male,29,sschlag1j@digg.com,Metz
57,Harriot,Cheson,Male,59,kcheson1k@example.com,Bristol
58,Idette,McGlaughn,Female,57,jmcglaughn1l@jigsy.com,Paris
59,Niki,Swale,Female,66,mswale1m@topsy.com,London
60,Estell,Ducaen,Female,45,bducaen1n@constantcontact.com,Luxembourg
61,Ramsay,Winspeare,Male,47,owinspeare1o@businessweek.com,Zurich
62,Josepha,Dewdney,Male,52,sdewdney1p@unblog.fr,Stockholm
63,Barbabas,Castell,Male,61,ncastell1q@etsy.com,Calvi
64,Rogers,Manueli,Male,31,smanueli1r@hexun.com,Jelenia Gora
65,Parnell,Tybalt,Female,68,btybalt1s@sina.com.cn,Bialystok
66,Buffy,Dalyiel,Female,69,jdalyiel1t@yolasite.com,Manchester
67,Elli,Seyler,Female,42,vseyler1u@woothemes.com,Annecy
68,Dean,Rosenauer,Female,45,srosenauer1v@harvard.edu,Kaliningrad
69,Eolande,Sharp,Male,40,zsharp1w@yahoo.com,Birmingham
70,Yvonne,Lindwasser,Female,70,alindwasser1x@cyberchimps.com,Cork
71,Karita,Bullcock,Female,45,dbullcock1y@eepurl.com,Krakow
72,Darryl,Gowan,Female,61,mgowan1z@foxnews.com,Innsbruck
73,Alisun,Dikels,Male,56,ydikels20@washington.edu,Budapest
74,Alfie,Gillian,Male,58,jgillian21@list-manage.com,Imatra
75,Ash,Tabard,Female,67,atabard22@yahoo.co.jp,Leeds
76,Fionnula,Cassely,Male,44,lcassely23@opera.com,Frankfurt
77,Guillemette,Brigge,Female,63,mbrigge24@uiuc.edu,Florence
78,Alvera,Reary,Female,32,jreary25@mail.ru,Jersey
79,Lotta,Preshaw,Male,35,mpreshaw26@google.com.br,Izmir
80,Georg,Guynemer,Male,48,mguynemer27@springer.com,Katowice
81,Elsa,Royan,Female,28,mroyan28@cnn.com,Exeter
82,Francene,Sainteau,Male,49,ysainteau29@wikispaces.com,Perth
83,Francisca,Greathead,Male,29,cgreathead2a@odnoklassniki.ru,Maastricht
84,Gus,Copyn,Female,55,icopyn2b@google.ca,Bratislava
85,Giustina,Trineman,Female,36,itrineman2c@free.fr,Figueira da Foz
86,Crosby,Varns,Female,49,vvarns2d@i2i.jp,Bergerac
87,Merrill,Midlane,Female,38,smidlane2e@state.tx.us,Belgrade
88,Horace,Oleksiak,Male,67,holeksiak2f@rediff.com,Riga
89,Sandye,Saggs,Male,65,fsaggs2g@unicef.org,Granada
90,Iorgos,Wardlaw,Female,48,nwardlaw2h@cdbaby.com,Cardiff
91,Elnar,Veare,Male,34,tveare2i@fc2.com,Arhus
92,Shana,Gleadhall,Male,69,tgleadhall2j@psu.edu,Malaga
93,Linnet,Swinnard,Male,39,bswinnard2k@stumbleupon.com,Verona
94,Maegan,Roadnight,Male,45,sroadnight2l@youtu.be,Canterbury
95,Clayborne,Galletley,Female,29,pgalletley2m@vkontakte.ru,Erlangen
96,Emily,Lasselle,Female,61,dlasselle2n@cmu.edu,Coimbra
97,Roxy,Minghella,Male,41,cminghella2o@icio.us,Forli
98,Cordelia,Pfaffel,Male,29,cpfaffel2p@weibo.com,Helsinki
99,Amalia,Allchin,Female,48,mallchin2q@examiner.com,Ibiza
100,Saraann,Conerding,Male,64,aconerding2r@wufoo.com,Katowice
101,Kerrill,Tousy,Female,64,ctousy2s@cbc.ca,Groningen
102,Godart,Giddons,Female,66,bgiddons2t@privacy.gov.au,Klaipeda
103,Joanie,Scrowston,Female,60,dscrowston2u@histats.com,Guimaraes
104,Eb,Girardengo,Male,60,bgirardengo2v@unicef.org,Dusseldorf
105,Elset,Jablonski,Female,69,cjablonski2w@i2i.jp,Swansea
106,Kenna,Dorrell,Male,68,ldorrell2x@accuweather.com,Kazan
107,Der,Huton,Male,65,jhuton2y@sohu.com,Durham
108,Estrella,Temlett,Female,52,etemlett2z@mlb.com,Brussels
109,Mirna,Aguirrezabal,Male,34,taguirrezabal30@wp.com,Hague
110,Joy,Dunstall,Female,55,ldunstall31@reddit.com,Lyon
111,Valery,Rickerby,Male,29,frickerby32@quantcast.com,Tirana
112,Georgie,Tryhorn,Female,38,ptryhorn33@prnewswire.com,Genoa
113,Petra,Wabe,Female,70,nwabe34@wix.com,Aberdeen
114,Mack,Antoni,Male,43,mantoni35@epa.gov,Joensuu
115,Staford,Mander,Male,58,lmander36@berkeley.edu,Ankara
116,Casey,Squibbs,Male,61,hsquibbs37@sitemeter.com,Cluj-Napoca
117,Ellwood,Gumly,Male,31,pgumly38@jimdo.com,Stuttgart
118,Ruthanne,Casellas,Female,46,bcasellas39@cnet.com,Catania
119,Sibel,Nevin,Female,64,snevin3a@nationalgeographic.com,Gibraltar
120,Mariquilla,Barbe,Male,60,gbarbe3b@patch.com,Gorzow Wielkopolski
121,Vida,Dummett,Male,31,rdummett3c@artisteer.com,Amsterdam
122,Hobie,Gordon-Giles,Male,52,tgordongiles3d@e-recht24.de,Bratislava
123,Cammy,Bowmaker,Female,51,dbowmaker3e@japanpost.jp,Graz
124,Althea,Munnings,Male,68,dmunnings3f@wikipedia.org,Castellon
125,Kurtis,Stukings,Female,46,sstukings3g@freewebs.com,Munich
126,Blakelee,Bewfield,Female,33,lbewfield3h@tinyurl.com,Marseille
127,Coleman,Pearmine,Male,37,npearmine3i@bizjournals.com,Essex
128,Britte,Stacy,Male,31,estacy3j@mapy.cz,Nantes
129,Malynda,Guinan,Female,60,sguinan3k@engadget.com,Skopje
130,Ruggiero,Hartil,Female,58,hhartil3l@over-blog.com,Eskisehir
131,Nevin,Stoaks,Female,43,cstoaks3m@edublogs.org,Montpellier
132,Callie,Pollock,Female,47,cpollock3n@digg.com,Moscow
133,Cory,Phil,Male,35,aphil3o@msu.edu,Crotone
134,Perceval,Garn,Female,31,mgarn3p@yelp.com,Florence
135,Fanya,Sperring,Male,66,dsperring3q@prweb.com,Calais
136,Ryan,Muscott,Male,61,cmuscott3r@bbc.co.uk,Colmar
137,Allen,McKew,Male,34,pmckew3s@oakley.com,Bergamo
138,Willis,Benedite,Female,31,nbenedite3t@fc2.com,Chur
139,Gibbie,Kleinert,Male,65,akleinert3u@cbc.ca,Bologna
140,Pembroke,Palphreyman,Female,62,epalphreyman3v@icio.us,Lausanne
141,Zaria,Martinon,Female,53,smartinon3w@quantcast.com,Cracow
142,Michelina,Bilovsky,Male,49,kbilovsky3x@odnoklassniki.ru,Nicosia
143,Lissa,Menilove,Male,60,omenilove3y@reuters.com,Huelva
144,Burt,Tertre,Female,40,etertre3z@technorati.com,Poznan
145,Rosanna,Goundsy,Female,52,bgoundsy40@nymag.com,Hamm
146,Coreen,Blewitt,Female,57,vblewitt41@topsy.com,Grenoble
147,Dana,Abrahamowitcz,Female,56,jabrahamowitcz42@dot.gov,Porto
148,Dorene,McGilleghole,Female,41,nmcgilleghole43@twitpic.com,Cluj-Napoca
149,Annmarie,Millward,Male,56,amillward44@deliciousdays.com,Coventry
150,Wandie,Petriello,Male,29,cpetriello45@networkadvertising.org,Palermo
151,Fancie,McCulley,Male,48,imcculley46@apache.org,Girona
152,Irena,Elvins,Female,54,lelvins47@wp.com,Crete
153,Cornall,Andreaccio,Male,67,pandreaccio48@indiegogo.com,Dortmund
154,Carly,Chuter,Male,51,tchuter49@sohu.com,Wroclaw
155,Thaddeus,Tocher,Female,41,ctocher4a@elegantthemes.com,Vienna
156,Bing,Jindacek,Female,40,ejindacek4b@army.mil,Aachen
157,Harriot,Trundler,Male,36,atrundler4c@japanpost.jp,Dijon
158,Idette,Simioli,Male,28,asimioli4d@dailymotion.com,Benidorm
159,Niki,Harvard,Male,41,hharvard4e@answers.com,Hull
160,Estell,Gerrill,Female,69,tgerrill4f@hao123.com,Antwerp
161,Ramsay,Ruckman,Female,56,gruckman4g@spiegel.de,Helsingborg
162,Josepha,Rapier,Male,43,lrapier4h@webmd.com,Kalamata
163,Barbabas,Craigmile,Female,37,gcraigmile4i@loc.gov,Berlin
164,Rogers,Hintzer,Male,41,thintzer4j@typepad.com,Haarlem
165,Parnell,Anthoney,Male,42,manthoney4k@apache.org,Luxembourg
166,Buffy,Kerfut,Female,45,kkerfut4l@geocities.jp,Odessa
167,Elli,Powter,Female,59,zpowter4m@bbb.org,Chambery
168,Dean,Greenhowe,Female,61,lgreenhowe4n@amazon.co.uk,Faro
169,Eolande,Mackneis,Male,29,pmackneis4o@csmonitor.com,Nuremberg
170,Yvonne,Franzonetti,Female,41,dfranzonetti4p@va.gov,Rotterdam
171,Karita,Dooney,Female,60,odooney4q@tiny.cc,Tallinn
172,Darryl,Giller,Male,56,agiller4r@salon.com,Bordeaux
173,Alisun,Peace,Male,60,mpeace4s@naver.com,Palma
174,Alfie,Kiraly,Male,52,gkiraly4t@elpais.com,Brno
175,Ash,Webburn,Female,58,bwebburn4u@a8.net,Ghent
176,Fionnula,Lambert,Female,52,glambert4v@infoseek.co.jp,Kiev
177,Guillemette,O'Hannay,Female,63,fohannay4w@wisc.edu,Bilbao
178,Alvera,Galvin,Female,40,lgalvin4x@diigo.com,Bordeaux
179,Lotta,Christall,Female,33,vchristall4y@linkedin.com,Bari
180,Georg,Rist,Female,67,srist4z@loc.gov,Cordoba
181,Elsa,Cristoforetti,Female,37,bcristoforetti50@webeden.co.uk,Bergen
182,Francene,Schurcke,Male,60,cschurcke51@hp.com,Burgas
183,Francisca,Lohmeyer,Male,58,klohmeyer52@irs.gov,Valencia
184,Gus,Strelitz,Female,69,jstrelitz53@4shared.com,Lodz
185,Giustina,Threadkell,Female,62,sthreadkell54@hao123.com,Bremen
186,Crosby,Hryncewicz,Female,54,ghryncewicz55@jugem.jp,Evora
187,Merrill,Cawdery,Male,65,acawdery56@gizmodo.com,Faro
188,Horace,Bothen,Female,33,pbothen57@nasa.gov,Caen
189,Sandye,Hedley,Male,69,dhedley58@joomla.org,Leipzig
190,Iorgos,Dahill,Female,46,mdahill59@tamu.edu,Angers
191,Elnar,Castella,Female,60,bcastella5a@edublogs.org,Salzburg
192,Shana,Drieu,Male,52,mdrieu5b@skype.com,Dresden
193,Linnet,Authers,Male,70,wauthers5c@tiny.cc,Irun
194,Maegan,Bridell,Female,34,mbridell5d@liveinternet.ru,Budapest
195,Clayborne,Tudge,Male,58,ttudge5e@free.fr,Bayonne
196,Emily,Ralton,Male,32,aralton5f@discovery.com,Frankfurt
197,Roxy,Vautrey,Female,64,tvautrey5g@gov.uk,Trieste
198,Cordelia,Curry,Male,60,ocurry5h@1und1.de,Kotor
199,Amalia,Le Noury,Female,32,glenoury5i@comsenz.com,Rijeka
200,Saraann,Boath,Male,49,sboath5j@cyberchimps.com,Kalmar
201,Kerrill,Eastmond,Female,33,eeastmond5k@t-online.de,Hirtshals
202,Godart,Smolan,Female,42,asmolan5l@ftc.gov,Foggia
203,Joanie,Lanphere,Female,43,hlanphere5m@hibu.com,Geneva
204,Eb,Clougher,Male,65,cclougher5n@flavors.me,Bologna
205,Elset,Maron,Female,53,smaron5o@google.com.br,Craiova
206,Kenna,Smallman,Female,28,dsmallman5p@github.com,Kos
207,Der,Olivier,Male,66,aolivier5q@freewebs.com,Eindhoven
208,Estrella,Doy,Male,39,sdoy5r@bbb.org,Toulouse
209,Mirna,Gabb,Male,69,mgabb5s@hatena.ne.jp,Hannover
210,Joy,Harrow,Male,32,kharrow5t@samsung.com,Turin
211,Valery,Leil,Male,34,sleil5u@cpanel.net,Bucharest
212,Georgie,Lagneaux,Female,31,alagneaux5v@reuters.com,Funchal
213,Petra,Packman,Female,70,spackman5w@ucla.edu,Donetsk
214,Mack,Jacqueminet,Female,70,hjacqueminet5x@marriott.com,Eastbourne
215,Staford,Auty,Male,29,aauty5y@va.gov,Sheffield
216,Casey,Waistell,Female,44,rwaistell5z@twitter.com,Klaipeda
217,Ellwood,Kaveney,Female,37,lkaveney60@telegraph.co.uk,Z?rich
218,Ruthanne,Reason,Male,70,ireason61@ovh.net,Chester
219,Sibel,Karlsen,Male,45,ikarlsen62@unblog.fr,Sofia
220,Mariquilla,Rogerson,Female,65,rrogerson63@imageshack.us,Groningen
221,Vida,Millea,Female,65,rmillea64@live.com,Erfurt
222,Hobie,Clapson,Male,29,nclapson65@addtoany.com,Ciutadella
223,Cammy,Whitby,Male,56,dwhitby66@spotify.com,Karlovy Vary
224,Althea,Lampkin,Male,44,elampkin67@networksolutions.com,Heraklion
225,Kurtis,Tourle,Male,42,atourle68@dion.ne.jp,Istanbul
226,Blakelee,Halcro,Female,70,mhalcro69@ca.gov,Gothenburg
227,Coleman,Sallis,Male,63,nsallis6a@google.co.uk,Helsinki
228,Britte,Gillogley,Male,55,wgillogley6b@ovh.net,Copenhagen
229,Malynda,Gunda,Female,51,cgunda6c@time.com,Braga
230,Ruggiero,Lawton,Male,65,alawton6d@amazon.co.jp,Carlisle
231,Nevin,Dourin,Male,33,jdourin6e@soup.io,Liverpool
232,Callie,Server,Female,33,mserver6f@google.ru,Genoa
233,Cory,Speek,Female,45,mspeek6g@usgs.gov,Sarajevo
234,Perceval,Hugin,Female,41,lhugin6h@joomla.org,Dunkirk
235,Fanya,Pyper,Male,69,rpyper6i@yahoo.com,Chania
236,Ryan,Sheara,Female,32,gsheara6j@plala.or.jp,Hasselt
237,Allen,Pincked,Female,67,apincked6k@virginia.edu,Utrecht
238,Willis,Tolomei,Female,63,jtolomei6l@furl.net,Prague
239,Gibbie,Cuddehy,Male,59,acuddehy6m@nytimes.com,Valletta
240,Pembroke,Janowicz,Male,53,ijanowicz6n@photobucket.com,Zagreb
241,Zaria,Huke,Female,69,dhuke6o@geocities.jp,Oslo
242,Michelina,Algy,Female,67,malgy6p@php.net,Nice
243,Lissa,Weinberg,Female,43,cweinberg6q@tripadvisor.com,Bydgoszcz
244,Burt,Cakes,Female,61,ecakes6r@eventbrite.com,Grenoble
245,Rosanna,Mablestone,Female,57,rmablestone6s@discovery.com,Dublin
246,Coreen,Coaster,Male,43,jcoaster6t@mlb.com,Bruges
247,Dana,Sambiedge,Female,51,msambiedge6u@spotify.com,Asti
248,Dorene,Aveling,Female,54,haveling6v@cnbc.com,Cologne
249,Annmarie,Klaesson,Female,29,mklaesson6w@canalblog.com,Copenhagen
250,Wandie,Basillon,Male,33,rbasillon6x@webs.com,Harrogate
251,Fancie,Bewfield,Female,66,mbewfield6y@nationalgeographic.com,Naples
252,Irena,McNellis,Male,47,fmcnellis6z@vkontakte.ru,Corfu
253,Cornall,Garms,Male,42,kgarms70@europa.eu,Stavanger
254,Carly,McKim,Male,36,nmckim71@narod.ru,Rotterdam
255,Thaddeus,Westall,Male,32,wwestall72@123-reg.co.uk,Dortmund
256,Bing,Appleby,Male,45,cappleby73@earthlink.net,Kiel
257,Harriot,Rockcliff,Female,39,trockcliff74@freewebs.com,Hoorn
258,Idette,Daymond,Female,62,pdaymond75@rakuten.co.jp,Freiburg
259,Niki,Clarae,Female,68,wclarae76@mayoclinic.com,Hamburg
260,Estell,Blackney,Male,43,rblackney77@parallels.com,Clermont-Ferrand
261,Ramsay,Weatherburn,Male,62,aweatherburn78@dagondesign.com,Derby
262,Josepha,Rosencrantz,Female,64,arosencrantz79@nyu.edu,Debrecen
263,Barbabas,Riggoll,Female,52,wriggoll7a@buzzfeed.com,Sibiu
264,Rogers,Pomery,Male,44,cpomery7b@toplist.cz,Arad
265,Parnell,Cressy,Male,47,acressy7c@sciencedaily.com,Athens
266,Buffy,Milson,Female,49,emilson7d@narod.ru,Hamburg
267,Elli,Martugin,Male,48,nmartugin7e@time.com,Lisbon
268,Dean,Polye,Female,30,apolye7f@wikispaces.com,Cherbourg
269,Eolande,Le Conte,Male,45,bleconte7g@barnesandnoble.com,Madrid
270,Yvonne,Bachura,Male,59,lbachura7h@pagesperso-orange.fr,Elche
271,Karita,Stode,Female,50,hstode7i@msu.edu,Fontainebleau
272,Darryl,Toseland,Female,40,stoseland7j@answers.com,Istanbul
273,Alisun,Notman,Female,33,anotman7k@yelp.com,Saint Petersburg
274,Alfie,Weiss,Female,61,sweiss7l@nhs.uk,Dresden
275,Ash,Garbert,Female,56,pgarbert7m@chicagotribune.com,Gandia
276,Fionnula,Pizer,Male,69,jpizer7n@sakura.ne.jp,Belfast
277,Guillemette,Olley,Male,69,aolley7o@jiathis.com,Avignon
278,Alvera,Bortolozzi,Female,59,ibortolozzi7p@rakuten.co.jp,Eindhoven
279,Lotta,Sydenham,Male,61,dsydenham7q@odnoklassniki.ru,Kamnik
280,Georg,Krishtopaittis,Male,44,ckrishtopaittis7r@hp.com,Badalona
281,Elsa,Hixley,Male,39,ahixley7s@senate.gov,Haugesund
282,Francene,Ledbury,Female,38,lledbury7t@wiley.com,Gdansk
283,Francisca,Anneslie,Male,45,hanneslie7u@mashable.com,Linz
284,Gus,Parradye,Female,58,mparradye7v@wikimedia.org,Alicante
285,Giustina,Lowen,Female,64,rlowen7w@sciencedirect.com,Bregenz
286,Crosby,Towll,Male,68,ctowll7x@canalblog.com,Aveiro
287,Merrill,Crumpe,Male,32,acrumpe7y@homestead.com,Lille
288,Horace,Grewe,Female,65,cgrewe7z@fema.gov,Duisburg
289,Sandye,McClaurie,Male,57,amcclaurie80@cafepress.com,Colchester
290,Iorgos,Bull,Female,53,abull81@washingtonpost.com,Aalborg
291,Elnar,Blackford,Male,70,oblackford82@miibeian.gov.cn,Kiel
292,Shana,Alleyn,Female,66,balleyn83@webnode.com,Bryansk
293,Linnet,Butteris,Female,28,sbutteris84@so-net.ne.jp,Garmisch-Partenkirchen
294,Maegan,Arnaudi,Male,64,yarnaudi85@squarespace.com,Innsbruck
295,Clayborne,Grendon,Female,39,wgrendon86@deviantart.com,Kharkiv
296,Emily,Hutable,Female,54,ihutable87@cnbc.com,Glasgow
297,Roxy,Copnall,Female,60,tcopnall88@printfriendly.com,Dundee
298,Cordelia,Kment,Male,49,lkment89@weebly.com,Ferrara
299,Amalia,Cicullo,Female,70,icicullo8a@home.pl,Essen
300,Saraann,Hursey,Male,66,ohursey8b@meetup.com,Edinburgh
