idEmployee,FirstName,LastName,Gender,Email,CarDealer_idCarDealer
1,Jehu,Bewshire,Male,lbewshire0@list-manage.com,236
2,Ekaterina,Marchenko,Male,bmarchenko1@walmart.com,39
3,Jackson,Petrozzi,Male,spetrozzi2@tmall.com,70
4,Janine,Doran,Male,mdoran3@clickbank.net,267
5,Woodman,Cordelet,Female,ccordelet4@sciencedaily.com,252
6,Drucill,Auger,Female,pauger5@apache.org,240
7,Thibaut,Craster,Female,rcraster6@google.nl,121
8,Othelia,Dodd,Female,mdodd7@symantec.com,30
9,Anson,Sizzey,Female,gsizzey8@youtu.be,259
10,Selig,Gregor,Male,bgregor9@dot.gov,158
11,Luis,McDuffy,Male,lmcduffya@wunderground.com,135
12,Micky,Mapledorum,Male,kmapledorumb@psu.edu,209
13,Kristin,Sabbin,Male,csabbinc@narod.ru,83
14,Krisha,Tunno,Male,etunnod@disqus.com,291
15,Renata,Rosenkrantz,Female,rrosenkrantze@home.pl,204
16,Blondie,Applewhite,Female,fapplewhitef@desdev.cn,293
17,Codi,Wagerfield,Female,iwagerfieldg@statcounter.com,56
18,Nicky,Elverstone,Female,welverstoneh@mac.com,41
19,Cari,Wickwarth,Female,awickwarthi@unblog.fr,185
20,Orbadiah,Kitchenham,Female,dkitchenhamj@unicef.org,241
21,Jobey,Groomebridge,Male,mgroomebridgek@deliciousdays.com,138
22,Fania,Roberson,Female,srobersonl@jiathis.com,193
23,Amandi,Benger,Female,bbengerm@gnu.org,206
24,Venus,Risen,Female,crisenn@vinaora.com,271
25,Bar,Brandacci,Male,dbrandaccio@bravesites.com,275
26,Shaw,Tape,Male,ftapep@nba.com,152
27,Codee,Kinforth,Female,skinforthq@flavors.me,186
28,Ellswerth,Ruddiman,Female,mruddimanr@alibaba.com,139
29,Guinna,Chrismas,Male,schrismass@google.com.br,279
30,Gwendolin,McLane,Male,amclanet@msn.com,150
31,Daffie,Jeffery,Female,ajefferyu@jimdo.com,84
32,Lenore,Bilbrey,Male,tbilbreyv@deviantart.com,11
33,Munroe,Hanmore,Female,ihanmorew@gmpg.org,238
34,Elset,Pumphreys,Female,lpumphreysx@google.co.uk,104
35,Howie,Kane,Male,akaney@ucsd.edu,175
36,Cobby,Brimming,Female,kbrimmingz@hhs.gov,295
37,Clementius,O'Lunny,Male,aolunny10@smh.com.au,130
38,Jarid,Jaukovic,Male,djaukovic11@redcross.org,282
39,Berny,Liveing,Female,uliveing12@washington.edu,131
40,Lauraine,Kingsbury,Male,bkingsbury13@bloglovin.com,258
41,Felizio,de Zamora,Female,ndezamora14@sbwire.com,146
42,Starla,Scotchmor,Male,lscotchmor15@list-manage.com,86
43,Katee,Ivetts,Male,pivetts16@wufoo.com,78
44,Hodge,Coatts,Male,jcoatts17@blogspot.com,134
45,Lynea,Jirus,Female,bjirus18@wikimedia.org,52
46,Delores,Deener,Female,adeener19@opera.com,54
47,My,Josefson,Female,hjosefson1a@webnode.com,174
48,Hamlin,Dehn,Female,kdehn1b@youku.com,2
49,Joanne,Penhalurick,Female,vpenhalurick1c@bbb.org,250
50,Lexy,Bartley,Female,ebartley1d@desdev.cn,145
51,Addie,Tarren,Female,etarren1e@addthis.com,224
52,Bobinette,Knoles,Male,sknoles1f@istockphoto.com,74
53,Papagena,Panichelli,Male,spanichelli1g@wufoo.com,77
54,Culver,Pindred,Female,apindred1h@quantcast.com,274
55,Giordano,Jaouen,Female,jjaouen1i@weebly.com,247
56,Rochette,Millington,Female,tmillington1j@economist.com,81
57,Kristine,Lipman,Male,tlipman1k@webmd.com,36
58,Betti,Jellett,Male,gjellett1l@ebay.com,202
59,Miller,Edy,Female,pedy1m@ocn.ne.jp,27
60,Erich,Espinas,Male,kespinas1n@boston.com,71
61,Dalia,Burkinshaw,Male,bburkinshaw1o@miibeian.gov.cn,170
62,Rebbecca,Reidie,Male,wreidie1p@elegantthemes.com,67
63,Sidney,Arundel,Male,marundel1q@csmonitor.com,183
64,Bethany,Monkley,Female,kmonkley1r@homestead.com,18
65,Aldrich,Trahearn,Female,ltrahearn1s@unesco.org,58
66,Mallory,Pie,Female,hpie1t@sakura.ne.jp,68
67,Greggory,Gulvin,Male,dgulvin1u@homestead.com,194
68,Lanie,Jeratt,Male,njeratt1v@acquirethisname.com,265
69,Stanly,Yukhtin,Female,eyukhtin1w@comcast.net,124
70,Renaud,Peterffy,Male,speterffy1x@bigcartel.com,109
71,Josias,Lorant,Male,clorant1y@behance.net,299
72,Dania,Lankford,Male,elankford1z@shop-pro.jp,123
73,Marian,Milch,Male,cmilch20@cdbaby.com,173
74,Carmella,Isbell,Male,jisbell21@engadget.com,243
75,Godart,Barme,Male,nbarme22@delicious.com,80
76,Cindra,Lantry,Male,tlantry23@economist.com,217
77,Daloris,McKeady,Male,dmckeady24@auda.org.au,257
78,Donnell,Mellody,Male,jmellody25@hubpages.com,102
79,Lin,Brogi,Female,cbrogi26@nbcnews.com,82
80,Webb,MacBey,Female,gmacbey27@sfgate.com,216
81,Aldrich,Sacchetti,Male,bsacchetti28@a8.net,111
82,Wit,Sedgemond,Female,gsedgemond29@multiply.com,249
83,Mab,Buckingham,Male,bbuckingham2a@engadget.com,23
84,Dorey,Betje,Female,gbetje2b@so-net.ne.jp,255
85,Hendrika,Crucetti,Male,dcrucetti2c@blogs.com,13
86,Bili,Joust,Female,gjoust2d@mac.com,231
87,Myrta,Zukierman,Female,pzukierman2e@amazonaws.com,160
88,Sabine,Giorgini,Female,agiorgini2f@deviantart.com,6
89,Carlota,Pheasant,Male,epheasant2g@sciencedirect.com,76
90,Ram,Annand,Female,tannand2h@spotify.com,35
91,Danette,Micheli,Male,rmicheli2i@google.es,180
92,Onfroi,Crisp,Male,mcrisp2j@fotki.com,3
93,Darline,Askwith,Male,jaskwith2k@reddit.com,137
94,Stefano,Bratley,Male,kbratley2l@xing.com,22
95,Barn,Brise,Male,jbrise2m@yellowbook.com,50
96,Heather,Westbury,Male,swestbury2n@360.cn,8
97,Barbra,Westover,Male,fwestover2o@businessweek.com,122
98,Bertram,Woolnough,Male,cwoolnough2p@ask.com,59
99,Meghan,Golden,Male,tgolden2q@canalblog.com,128
100,Ruthy,Mugglestone,Female,lmugglestone2r@redcross.org,33
101,Jehu,Botte,Male,abotte2s@yellowpages.com,169
102,Ekaterina,Leyzell,Female,sleyzell2t@google.de,167
103,Jackson,Gormally,Female,igormally2u@cornell.edu,172
104,Janine,Aleksandrev,Female,daleksandrev2v@squidoo.com,223
105,Woodman,Zannotti,Male,fzannotti2w@taobao.com,29
106,Drucill,Beckenham,Female,mbeckenham2x@deviantart.com,20
107,Thibaut,Comar,Female,tcomar2y@ftc.gov,113
108,Othelia,Buxcy,Female,ebuxcy2z@sogou.com,168
109,Anson,Probbing,Male,sprobbing30@xing.com,32
110,Selig,Allworthy,Male,kallworthy31@goodreads.com,290
111,Luis,Surcomb,Male,usurcomb32@earthlink.net,42
112,Micky,Leahey,Female,rleahey33@deviantart.com,269
113,Kristin,Simison,Female,csimison34@wikimedia.org,161
114,Krisha,Duffin,Female,pduffin35@so-net.ne.jp,136
115,Renata,Blodget,Male,yblodget36@ibm.com,9
116,Blondie,Hynes,Female,dhynes37@amazon.de,281
117,Codi,Thecham,Female,nthecham38@nationalgeographic.com,205
118,Nicky,Aulds,Male,laulds39@123-reg.co.uk,298
119,Cari,Somerfield,Female,ssomerfield3a@nationalgeographic.com,296
120,Orbadiah,Balkwill,Female,jbalkwill3b@xrea.com,294
121,Jobey,MacDiarmond,Female,hmacdiarmond3c@ow.ly,148
122,Fania,Lally,Female,rlally3d@google.it,286
123,Amandi,Faircloth,Male,sfaircloth3e@huffingtonpost.com,141
124,Venus,Domenge,Male,rdomenge3f@marriott.com,4
125,Bar,Hurdis,Male,shurdis3g@wp.com,171
126,Shaw,Ortzen,Female,aortzen3h@latimes.com,140
127,Codee,Dows,Male,gdows3i@github.io,232
128,Ellswerth,Mancer,Female,mmancer3j@webnode.com,63
129,Guinna,Murby,Male,cmurby3k@joomla.org,262
130,Gwendolin,Kensitt,Female,jkensitt3l@pbs.org,165
131,Daffie,Huckell,Female,jhuckell3m@smugmug.com,156
132,Lenore,Josefson,Female,ejosefson3n@loc.gov,65
133,Munroe,Begg,Male,ebegg3o@ucsd.edu,100
134,Elset,Virgo,Male,cvirgo3p@webmd.com,48
135,Howie,Carlett,Male,scarlett3q@reddit.com,219
136,Cobby,Gockeler,Female,tgockeler3r@mit.edu,251
137,Clementius,Kubicek,Female,ckubicek3s@admin.ch,244
138,Jarid,Scheffler,Male,lscheffler3t@foxnews.com,47
139,Berny,Osban,Male,hosban3u@mapquest.com,229
140,Lauraine,Trim,Female,ptrim3v@hc360.com,49
141,Felizio,Rowston,Male,mrowston3w@bloglines.com,188
142,Starla,Willmot,Female,hwillmot3x@wp.com,38
143,Katee,Cicculi,Male,scicculi3y@plala.or.jp,10
144,Hodge,Zecchinii,Male,mzecchinii3z@tinypic.com,230
145,Lynea,Duddell,Male,sduddell40@java.com,61
146,Delores,Edis,Male,redis41@wordpress.com,21
147,My,Lewsey,Female,clewsey42@forbes.com,207
148,Hamlin,Demkowicz,Female,sdemkowicz43@biblegateway.com,157
149,Joanne,Mucci,Male,smucci44@whitehouse.gov,53
150,Lexy,Dibben,Male,gdibben45@dot.gov,287
151,Addie,Nary,Male,fnary46@nps.gov,176
152,Bobinette,Dunkerley,Female,ldunkerley47@google.es,253
153,Papagena,Farquarson,Female,bfarquarson48@amazon.de,226
154,Culver,Rockhill,Male,drockhill49@sina.com.cn,214
155,Giordano,Boarleyson,Male,dboarleyson4a@ed.gov,201
156,Rochette,Bradder,Male,zbradder4b@behance.net,25
157,Kristine,Fermor,Female,lfermor4c@tmall.com,60
158,Betti,Philp,Female,kphilp4d@un.org,163
159,Miller,Minghi,Male,eminghi4e@addthis.com,254
160,Erich,Agglione,Female,wagglione4f@google.co.uk,91
161,Dalia,Dalston,Male,mdalston4g@fastcompany.com,208
162,Rebbecca,Kippin,Male,gkippin4h@bigcartel.com,28
163,Sidney,Strivens,Male,bstrivens4i@xrea.com,5
164,Bethany,Patriskson,Female,mpatriskson4j@soundcloud.com,7
165,Aldrich,Stowte,Male,kstowte4k@cdc.gov,149
166,Mallory,Boscher,Female,cboscher4l@bing.com,154
167,Greggory,Jarrad,Female,rjarrad4m@vkontakte.ru,105
168,Lanie,Mackinder,Male,nmackinder4n@360.cn,93
169,Stanly,Ivshin,Female,sivshin4o@oakley.com,200
170,Renaud,Northfield,Male,znorthfield4p@imdb.com,119
171,Josias,Brewood,Female,rbrewood4q@army.mil,164
172,Dania,Dukes,Female,mdukes4r@cocolog-nifty.com,182
173,Marian,O' Hanvey,Male,tohanvey4s@admin.ch,179
174,Carmella,Warwicker,Male,swarwicker4t@naver.com,15
175,Godart,Joslin,Male,mjoslin4u@fema.gov,283
176,Cindra,Patshull,Male,jpatshull4v@ucla.edu,264
177,Daloris,Bogart,Male,fbogart4w@edublogs.org,162
178,Donnell,Poulsum,Female,mpoulsum4x@meetup.com,73
179,Lin,Taunton,Female,utaunton4y@oaic.gov.au,64
180,Webb,Nerval,Male,lnerval4z@boston.com,92
181,Aldrich,Lambertson,Female,mlambertson50@squidoo.com,125
182,Wit,MacTrustram,Female,jmactrustram51@blogger.com,300
183,Mab,Gail,Male,ggail52@networksolutions.com,212
184,Dorey,Fossitt,Male,tfossitt53@cam.ac.uk,112
185,Hendrika,Mourge,Male,cmourge54@wikispaces.com,222
186,Bili,Burnside,Male,mburnside55@vk.com,120
187,Myrta,Luckhurst,Female,aluckhurst56@independent.co.uk,95
188,Sabine,Boleyn,Male,aboleyn57@amazonaws.com,260
189,Carlota,Condell,Male,vcondell58@fda.gov,40
190,Ram,Hadrill,Female,ahadrill59@example.com,143
191,Danette,Cuddehy,Female,bcuddehy5a@istockphoto.com,210
192,Onfroi,Bernardot,Female,abernardot5b@lycos.com,133
193,Darline,Menel,Male,mmenel5c@abc.net.au,289
194,Stefano,Heymann,Female,sheymann5d@cdbaby.com,110
195,Barn,Cecchetelli,Female,gcecchetelli5e@salon.com,12
196,Heather,Dyball,Male,cdyball5f@salon.com,51
197,Barbra,Addionisio,Male,yaddionisio5g@dion.ne.jp,14
198,Bertram,Jeandon,Male,ujeandon5h@acquirethisname.com,46
199,Meghan,Sonnenschein,Female,ssonnenschein5i@google.com.au,43
200,Ruthy,Cuncarr,Female,vcuncarr5j@reference.com,189
201,Jehu,Thynn,Female,mthynn5k@uiuc.edu,221
202,Ekaterina,Malby,Female,fmalby5l@1und1.de,268
203,Jackson,Kippax,Male,dkippax5m@chron.com,220
204,Janine,Gheorghescu,Male,ogheorghescu5n@sohu.com,239
205,Woodman,Sicha,Female,rsicha5o@amazonaws.com,79
206,Drucill,Regus,Male,gregus5p@thetimes.co.uk,278
207,Thibaut,Cowthard,Female,lcowthard5q@go.com,237
208,Othelia,Boyland,Female,lboyland5r@utexas.edu,166
209,Anson,Armfirld,Male,marmfirld5s@freewebs.com,246
210,Selig,Galfour,Female,fgalfour5t@canalblog.com,34
211,Luis,Postill,Female,bpostill5u@mapquest.com,106
212,Micky,Blurton,Male,jblurton5v@newsvine.com,69
213,Kristin,Conn,Male,gconn5w@apple.com,235
214,Krisha,Lushey,Male,rlushey5x@state.tx.us,94
215,Renata,Aron,Male,baron5y@surveymonkey.com,85
216,Blondie,Strevens,Male,qstrevens5z@springer.com,177
217,Codi,Andrysek,Male,mandrysek60@ow.ly,153
218,Nicky,Droogan,Male,bdroogan61@goodreads.com,288
219,Cari,Bulward,Male,pbulward62@omniture.com,98
220,Orbadiah,Caroli,Male,gcaroli63@livejournal.com,233
221,Jobey,Moat,Female,smoat64@alexa.com,245
222,Fania,Betteridge,Male,cbetteridge65@google.com.au,24
223,Amandi,Rysom,Female,mrysom66@sitemeter.com,190
224,Venus,Klebes,Male,wklebes67@economist.com,126
225,Bar,Vaines,Female,rvaines68@time.com,45
226,Shaw,Crickett,Male,ecrickett69@ed.gov,37
227,Codee,Deavin,Female,ddeavin6a@timesonline.co.uk,103
228,Ellswerth,Lethardy,Male,alethardy6b@fotki.com,55
229,Guinna,Allcott,Female,fallcott6c@google.co.jp,213
230,Gwendolin,Theseira,Female,vtheseira6d@w3.org,256
231,Daffie,Bartens,Male,abartens6e@comsenz.com,199
232,Lenore,Avon,Female,javon6f@bravesites.com,284
233,Munroe,Worrall,Female,jworrall6g@sciencedaily.com,89
234,Elset,Dilgarno,Female,adilgarno6h@eepurl.com,132
235,Howie,Peert,Female,lpeert6i@comcast.net,96
236,Cobby,MacLennan,Male,cmaclennan6j@pbs.org,248
237,Clementius,Saturley,Female,osaturley6k@hhs.gov,181
238,Jarid,Meredyth,Male,pmeredyth6l@ox.ac.uk,87
239,Berny,Atwill,Female,latwill6m@upenn.edu,88
240,Lauraine,Slocombe,Female,cslocombe6n@japanpost.jp,195
241,Felizio,Bayles,Male,bbayles6o@yale.edu,117
242,Starla,Roelofs,Female,vroelofs6p@adobe.com,44
243,Katee,Patient,Male,apatient6q@marketwatch.com,107
244,Hodge,Booty,Female,ebooty6r@youtu.be,263
245,Lynea,Yezafovich,Male,lyezafovich6s@newsvine.com,184
246,Delores,Gronou,Female,bgronou6t@bloomberg.com,151
247,My,Ivashkin,Female,kivashkin6u@lycos.com,277
248,Hamlin,Shinner,Female,tshinner6v@prweb.com,97
249,Joanne,Harteley,Male,rharteley6w@skyrock.com,273
250,Lexy,Garritley,Male,kgarritley6x@mashable.com,242
251,Addie,Gawn,Male,jgawn6y@etsy.com,266
252,Bobinette,Garlett,Male,ngarlett6z@ebay.com,66
253,Papagena,Bonnyson,Male,wbonnyson70@latimes.com,203
254,Culver,Pinks,Female,dpinks71@examiner.com,26
255,Giordano,Lille,Male,nlille72@theglobeandmail.com,297
256,Rochette,Kensit,Male,mkensit73@cpanel.net,227
257,Kristine,Battell,Male,cbattell74@buzzfeed.com,127
258,Betti,Krochmann,Male,mkrochmann75@businessinsider.com,31
259,Miller,Hoyer,Female,choyer76@comsenz.com,280
260,Erich,Antonijevic,Female,aantonijevic77@newsvine.com,225
261,Dalia,Fontanet,Male,bfontanet78@npr.org,285
262,Rebbecca,Wren,Female,awren79@paypal.com,211
263,Sidney,Fleckno,Male,hfleckno7a@va.gov,17
264,Bethany,Rodenborch,Female,arodenborch7b@tiny.cc,191
265,Aldrich,Minall,Male,ominall7c@reuters.com,192
266,Mallory,Macvey,Male,fmacvey7d@illinois.edu,62
267,Greggory,Nutten,Female,vnutten7e@telegraph.co.uk,270
268,Lanie,Yellowlees,Female,iyellowlees7f@miitbeian.gov.cn,218
269,Stanly,Jenny,Female,cjenny7g@spotify.com,147
270,Renaud,Boyington,Male,dboyington7h@paypal.com,292
271,Josias,Wabersinke,Male,fwabersinke7i@hud.gov,155
272,Dania,Hardison,Female,shardison7j@webnode.com,196
273,Marian,Greggs,Male,agreggs7k@example.com,142
274,Carmella,Kaplin,Female,dkaplin7l@yale.edu,115
275,Godart,Nance,Male,vnance7m@earthlink.net,57
276,Cindra,Bedlington,Male,lbedlington7n@blogger.com,144
277,Daloris,Keller,Male,skeller7o@fda.gov,187
278,Donnell,Asty,Female,iasty7p@i2i.jp,261
279,Lin,Uphill,Male,kuphill7q@rakuten.co.jp,90
280,Webb,Redwing,Male,gredwing7r@digg.com,159
281,Aldrich,Imeson,Male,dimeson7s@umn.edu,234
282,Wit,Boneham,Male,fboneham7t@rakuten.co.jp,114
283,Mab,Ciementini,Female,dciementini7u@squidoo.com,16
284,Dorey,Brockton,Female,dbrockton7v@msu.edu,276
285,Hendrika,Kasbye,Female,tkasbye7w@jigsy.com,75
286,Bili,Steketee,Female,gsteketee7x@unicef.org,272
287,Myrta,Acres,Male,lacres7y@wisc.edu,101
288,Sabine,Courtman,Female,hcourtman7z@ustream.tv,198
289,Carlota,Fance,Female,cfance80@quantcast.com,108
290,Ram,Rosenbush,Female,arosenbush81@psu.edu,215
291,Danette,Karczinski,Male,bkarczinski82@sogou.com,118
292,Onfroi,Dockrell,Male,cdockrell83@netscape.com,19
293,Darline,Pow,Female,bpow84@discuz.net,129
294,Stefano,Binley,Male,mbinley85@wix.com,178
295,Barn,Antushev,Female,rantushev86@ezinearticles.com,99
296,Heather,Darcy,Female,adarcy87@shareasale.com,72
297,Barbra,Albers,Male,salbers88@hubpages.com,116
298,Bertram,Ledgerton,Female,rledgerton89@princeton.edu,1
299,Meghan,Blanche,Female,pblanche8a@theatlantic.com,197
300,Ruthy,Siley,Male,csiley8b@list-manage.com,228
